{"_class":"page","do_objectID":"8C97FD0C-ECBC-47A7-B348-76181F83B4C3","exportOptions":{"_class":"exportOptions","exportFormats":[],"includedLayerIds":[],"layerOptions":0,"shouldTrim":false},"frame":{"_class":"rect","constrainProportions":false,"height":300,"width":300,"x":0,"y":0},"isFlippedHorizontal":false,"isFlippedVertical":false,"isLocked":false,"isVisible":true,"layerListExpandedType":0,"name":"avatars","nameIsFixed":true,"resizingConstraint":63,"resizingType":0,"rotation":0,"shouldBreakMaskChain":false,"style":{"_class":"style","endDecorationType":0,"miterLimit":10,"startDecorationType":0},"hasClickThrough":true,"layers":[{"_class":"artboard","do_objectID":"04967E5B-32E7-445D-8EC8-F4733049FD34","exportOptions":{"_class":"exportOptions","exportFormats":[],"includedLayerIds":[],"layerOptions":0,"shouldTrim":false},"frame":{"_class":"rect","constrainProportions":false,"height":411,"width":1200,"x":-571,"y":-362},"isFlippedHorizontal":false,"isFlippedVertical":false,"isLocked":false,"isVisible":true,"layerListExpandedType":2,"name":"avatars","nameIsFixed":true,"resizingConstraint":63,"resizingType":0,"rotation":0,"shouldBreakMaskChain":true,"style":{"_class":"style","endDecorationType":0,"miterLimit":10,"startDecorationType":0},"hasClickThrough":false,"layers":[{"_class":"symbolInstance","do_objectID":"69744AD8-B774-457E-A57E-94BF79723196","exportOptions":{"_class":"exportOptions","exportFormats":[],"includedLayerIds":[],"layerOptions":0,"shouldTrim":false},"frame":{"_class":"rect","constrainProportions":false,"height":96,"width":96,"x":120,"y":236},"isFlippedHorizontal":false,"isFlippedVertical":false,"isLocked":false,"isVisible":true,"layerListExpandedType":0,"name":"ui \/ avatar \/ x-large","nameIsFixed":false,"resizingConstraint":63,"resizingType":0,"rotation":0,"shouldBreakMaskChain":false,"style":{"_class":"style","endDecorationType":0,"miterLimit":10,"startDecorationType":0},"horizontalSpacing":0,"overrideValues":[],"scale":1,"symbolID":"B662932F-052E-4A42-87A7-11D9E95E77B6","verticalSpacing":0},{"_class":"symbolInstance","do_objectID":"C934F850-5DEC-4EF3-8530-F439B9F47157","exportOptions":{"_class":"exportOptions","exportFormats":[],"includedLayerIds":[],"layerOptions":0,"shouldTrim":false},"frame":{"_class":"rect","constrainProportions":false,"height":40,"width":40,"x":240,"y":292},"isFlippedHorizontal":false,"isFlippedVertical":false,"isLocked":false,"isVisible":true,"layerListExpandedType":0,"name":"ui \/ avatar \/ large","nameIsFixed":false,"resizingConstraint":63,"resizingType":0,"rotation":0,"shouldBreakMaskChain":false,"style":{"_class":"style","endDecorationType":0,"miterLimit":10,"startDecorationType":0},"horizontalSpacing":0,"overrideValues":[],"scale":1,"symbolID":"1F8C340F-2715-476C-9D1F-A4279BB8FB5E","verticalSpacing":0},{"_class":"symbolInstance","do_objectID":"0FE1D1B4-3A62-45B5-B68C-A69F2D019226","exportOptions":{"_class":"exportOptions","exportFormats":[],"includedLayerIds":[],"layerOptions":0,"shouldTrim":false},"frame":{"_class":"rect","constrainProportions":false,"height":32,"width":32,"x":304,"y":300},"isFlippedHorizontal":false,"isFlippedVertical":false,"isLocked":false,"isVisible":true,"layerListExpandedType":0,"name":"ui \/ avatar \/ medium","nameIsFixed":false,"resizingConstraint":63,"resizingType":0,"rotation":0,"shouldBreakMaskChain":false,"style":{"_class":"style","endDecorationType":0,"miterLimit":10,"startDecorationType":0},"horizontalSpacing":0,"overrideValues":[],"scale":1,"symbolID":"E93B2286-D0DD-4D0B-8894-F660C6BF73D3","verticalSpacing":0},{"_class":"symbolInstance","do_objectID":"C99E0B05-37C5-4EBD-8F1D-511C0CA6BC3F","exportOptions":{"_class":"exportOptions","exportFormats":[],"includedLayerIds":[],"layerOptions":0,"shouldTrim":false},"frame":{"_class":"rect","constrainProportions":false,"height":24,"width":24,"x":360,"y":308},"isFlippedHorizontal":false,"isFlippedVertical":false,"isLocked":false,"isVisible":true,"layerListExpandedType":0,"name":"ui \/ avatar \/ small","nameIsFixed":false,"resizingConstraint":63,"resizingType":0,"rotation":0,"shouldBreakMaskChain":false,"style":{"_class":"style","endDecorationType":0,"miterLimit":10,"startDecorationType":0},"horizontalSpacing":0,"overrideValues":[],"scale":1,"symbolID":"125E4358-65F5-469B-9A85-4352773AF708","verticalSpacing":0},{"_class":"symbolInstance","do_objectID":"313CBA4F-C72A-4944-BD81-E9256B63C89B","exportOptions":{"_class":"exportOptions","exportFormats":[],"includedLayerIds":[],"layerOptions":0,"shouldTrim":false},"frame":{"_class":"rect","constrainProportions":false,"height":16,"width":16,"x":408,"y":316},"isFlippedHorizontal":false,"isFlippedVertical":false,"isLocked":false,"isVisible":true,"layerListExpandedType":0,"name":"ui \/ avatar \/ micro","nameIsFixed":false,"resizingConstraint":63,"resizingType":0,"rotation":0,"shouldBreakMaskChain":false,"style":{"_class":"style","endDecorationType":0,"miterLimit":10,"startDecorationType":0},"horizontalSpacing":0,"overrideValues":[],"scale":1,"symbolID":"5FE2B131-9137-410F-AA20-5565CD10042D","verticalSpacing":0},{"_class":"symbolInstance","do_objectID":"C0CA1505-A60A-451F-B965-AB633CF3762A","exportOptions":{"_class":"exportOptions","do_objectID":"D1D026E7-1578-48C1-8FE6-C42612C2D446","exportFormats":[],"includedLayerIds":[],"layerOptions":0,"shouldTrim":false},"frame":{"_class":"rect","do_objectID":"222A30AB-6E91-4EC7-9DC9-A0B0EF6D69A5","constrainProportions":false,"height":180,"width":1200,"x":0,"y":0},"isFlippedHorizontal":false,"isFlippedVertical":false,"isLocked":false,"isVisible":true,"layerListExpandedType":0,"name":"header","nameIsFixed":false,"resizingConstraint":63,"resizingType":0,"rotation":0,"shouldBreakMaskChain":false,"style":{"_class":"style","do_objectID":"4A860774-47B3-44F4-B057-8324F7BC66D9","endDecorationType":0,"miterLimit":10,"startDecorationType":0},"horizontalSpacing":0,"overrideValues":[{"_class":"overrideValue","do_objectID":"57062CEE-4558-409E-9E98-98CFDE8FB2A4","overrideName":"4B685309-F611-45D9-9D51-45E16E1AE527_stringValue","value":"avatars"}],"scale":1,"symbolID":"CD608251-2781-4664-8EC1-83A1636E0991","verticalSpacing":0}],"backgroundColor":{"_class":"color","alpha":1,"blue":1,"green":1,"red":1},"hasBackgroundColor":false,"horizontalRulerData":{"_class":"rulerData","base":0,"guides":[]},"includeBackgroundColorInExport":true,"includeInCloudUpload":true,"isFlowHome":false,"layout":{"_class":"layoutGrid","isEnabled":false,"columnWidth":50,"drawHorizontal":false,"drawHorizontalLines":false,"drawVertical":true,"gutterHeight":12,"gutterWidth":32.72727272727273,"guttersOutside":false,"horizontalOffset":120,"numberOfColumns":12,"rowHeightMultiplication":5,"totalWidth":960},"presetDictionary":{"height":1024,"offersLandscapeVariant":0,"name":"Desktop HD","width":1440,"allowResizedMatching":0},"resizesContent":false,"verticalRulerData":{"_class":"rulerData","base":0,"guides":[]}}],"horizontalRulerData":{"_class":"rulerData","base":-567,"guides":[]},"includeInCloudUpload":true,"verticalRulerData":{"_class":"rulerData","base":-380,"guides":[]}}